date,wheat,rice,electricity_price,CG_T_mean,CG_relative_humidity_mean,CG_pressure mean,CG_Rainfall,CG_Wind Speed,CG_wind_gust,SG_T_mean,SG_relative_humidity_mean,SG_pressure_mean,SG_rainfall,SG_wind speed,SG_wind_gust,oil,cpi,imports,exports,fkt,hkks
2004-10-01,120.25,195.4,,,,,,,,,,,,,,37.75074518649802,82.7954,14791527.0,297242.0,93.68,130.24
2004-11-01,120.54,199.55,,,,,,,,,,,,,,36.74301851270788,82.87689,9684774.0,840323.0,94.39,87.58
2004-12-01,114.77,207.55,,,,,,,,,,,,,,30.983902512411614,83.19360999999998,12320125.0,698989.0,60.51,124.71
2005-01-01,117.08,218.78,,,,,,,,,,,,,,,83.40212,8507906.0,3581706.0,150.47,108.66
2005-02-01,116.17,222.86,,,,,,,,,,,,,,34.63575650571889,82.39728000000001,9882488.0,974988.0,62.0,89.08
2005-03-01,114.4,221.8,,,,,,,,,,,,,,38.18855932203389,84.26921999999999,6519910.0,5096709.0,101.65,83.08
2005-04-01,108.89,229.76,,,,,,,,,,,,,,41.77791496257427,84.9129,8692629.0,4338636.0,110.05,105.67
2005-05-01,112.93,231.49,,,,,,,,,,,,,,,85.16113,6760286.0,1435028.0,62.49,87.98
2005-06-01,116.68,234.29,,,,,,,,,,,,,,41.265947006869474,84.98013,8853141.0,490341.0,72.66,89.32
2005-07-01,119.53,229.93,,,,,,,,,,,,,,46.66997600728054,83.93741,11616022.0,16438.0,59.53,76.46
2005-08-01,121.51,230.07,,,,,,,,,,,,,,49.562157296014405,83.56197,33512065.0,5974330.0,102.67,79.63
2005-09-01,130.33,232.78,,,,,,,,,,,,,,53.915079108814986,85.40156999999998,7666914.0,1528873.0,138.42,79.74
2005-10-01,139.69,238.39,,,,,,,,,,,,,,,85.97086,5726233.0,4477716.0,84.54,87.64
2005-11-01,136.72,235.69,,,,,,,,,,,,,,47.210193204530306,85.79525,8513792.0,5290444.0,114.31,79.73
2005-12-01,138.7,236.6,,,,,,,,,,,,,,45.679012345679006,86.20647,10168391.0,5744693.0,76.93,75.23
2006-01-01,138.12,240.66,,,,,,,,,,,,,,,86.10821999999999,4567206.0,3788449.0,80.65,70.49
2006-02-01,150.65,252.56,,,,,,,,,,,,,,54.28382401587827,85.0622,10576860.0,5403468.0,47.25,61.79
2006-03-01,145.13,252.51,,,,,,,,,,,,,,51.12932909486364,87.05247,10595324.0,9747806.0,38.67,73.39
2006-04-01,146.99,246.34,,,,,,,,,,,,,,,87.69266999999998,12522345.0,2845573.0,102.38,72.56
2006-05-01,151.28,241.21,,,,,,,,,,,,,,57.549653027039966,87.8282,16463470.0,8314241.0,68.54,90.41
2006-06-01,154.29,247.06,,,,,,,,,,,,,,53.99654522613064,87.72896999999999,8193750.0,3745414.0,63.84,83.88
2006-07-01,159.61,248.68,,,,,,,,,,,,,,,87.16526,8743980.0,2821268.0,81.38,99.29
2006-08-01,148.24,244.06,,,,,,,,,,,,,,59.87146328082138,86.51666999999999,20889156.0,9341436.0,56.66,69.41
2006-09-01,153.99,242.94,,,,,,,,,,,,,,54.99726925177498,87.90386,27463885.0,9312707.0,49.24,61.33
2006-10-01,168.18,238.69,,,,,,,,,,,,,,,88.38887,12249169.0,4618291.0,48.57,66.62
2006-11-01,162.8,230.01,,,,,,,,,,,,,,44.187504899270984,88.30551,17937835.0,4885653.0,42.34,49.7
2006-12-01,154.63,230.84,,,,,,,,,,,,,,48.882512836001204,88.7141,19050727.0,2589487.0,42.49,55.45
2007-01-01,150.85,240.81,,,,,,,,,,,,,,44.768413059984816,88.45924000000002,18744425.0,3658710.0,67.05,47.18
2007-02-01,152.96,240.94,,,,,,,,,,,,,,43.57910906298003,87.33533,9709204.0,2933207.0,46.75,67.28
2007-03-01,150.36,240.66,,,,,,,,,,,,,,46.26086956521739,89.34396,14944607.0,1026943.0,44.09,65.01
2007-04-01,146.73,234.18,,,,,,,,,,,,,,,89.90961,10700142.0,4275240.0,48.99,62.1
2007-05-01,144.86,235.07,,,,,,,,,,,,,,49.41565600882029,90.1312,12975472.0,2922493.0,38.59,65.94
2007-06-01,166.22,240.9,,,,,,,,,,,,,,51.094075617743385,90.04034,20024591.0,849612.0,65.47,73.27
2007-07-01,173.83,239.74,,,,,,,,,,,,,,,89.36381999999999,26341722.0,1696161.0,28.63,72.05
2007-08-01,190.68,240.43,,,,,,,,,,,,,,56.437092878577175,88.70371,28099242.0,832504.0,58.18,85.67
2007-09-01,235.03,233.92,,,,,,,,,,,,,,,90.4703,29702589.0,7923837.0,67.27,89.89
2007-10-01,235.58,231.4,,,,,,,,,,,,,,55.03794266441821,91.12526,31106183.0,14872044.0,72.99,82.39
2007-11-01,219.18,232.93,,,,,,,,,,,,,,62.64993413298205,91.77847,41486941.0,11840756.0,80.62,88.77
2007-12-01,253.02,247.56,,,,,,,,,,,,,,,92.15891,20807709.0,2384454.0,123.43,103.08
2008-01-01,251.86,255.21,,,,,,,,,,,,,,63.63698118334353,91.90598000000001,29225819.0,4662886.0,107.02,94.81
2008-02-01,288.21,315.17,,,,,,,,,,,,,,61.394317952851104,91.20977,18137859.0,12924312.0,68.43,95.02
2008-03-01,283.26,382.64,,,,,,,,,,,,,,,93.30563,9643900.0,4561240.0,105.29,104.95
2008-04-01,230.0,575.89,,,,,,,,,,,,,,63.02043422733078,93.89681,21169814.0,7897481.0,75.77,82.05
2008-05-01,211.34,579.71,,,,,,,,,,,,,,71.5057915057915,94.55634,15557717.0,3723956.0,79.39,73.77
2008-06-01,224.12,486.76,,,,,,,,,,,,,,,94.46169,11352649.0,2365361.0,32.79,86.73
2008-07-01,208.12,464.04,,,,,,,,,,,,,,89.17274167987323,93.72826,10165651.0,6352554.0,64.03,105.69
2008-08-01,220.02,463.3,,,,,,,,,,,,,,79.72261461410042,92.84766,27645473.0,18013285.0,67.78,94.65
2008-09-01,205.73,475.99,,,,,,,,,,,,,,77.02069901594842,94.66322,27314679.0,33862677.0,184.5,116.08
2008-10-01,178.42,457.93,,,,,,,,,,,,,,65.47120232938002,94.6645,23598819.0,5323778.0,170.31,157.64
2008-11-01,178.19,433.59,,,,,,,,,,,,,,,94.41068000000001,20461909.0,1367640.0,88.62,111.92
2008-12-01,164.05,396.3,,,,,,,,,,,,,,37.73794416243655,93.97079,22391390.0,12372949.0,156.57,110.65
2009-01-01,180.7,438.32,,,,,,,,,,,,,,25.738305669325285,93.51973,10899136.0,10925311.0,135.63,111.67
2009-02-01,175.76,462.11,,,,,,,,,,,,,,,92.66602,12118465.0,30200391.0,106.24,125.92
2009-03-01,177.15,451.17,,,,,,,,,,,,,,,94.51437000000001,14066632.0,17314142.0,98.25,108.08
2009-04-01,177.03,416.78,,,,,,,,,,,,,,34.66706930394081,94.79906,10543064.0,8480329.0,68.56,78.87
2009-05-01,191.61,390.59,,,,,,,,,,,,,,37.89077212806026,95.02377000000001,8580866.0,19969337.0,67.13,79.95
2009-06-01,183.11,409.91,,,,,,,,,,,,,,46.83544303797468,94.95932,16517724.0,6249450.0,73.63,74.13
2009-07-01,159.62,406.05,,,,,,,,,,,,,,48.609534619750285,94.26079,19851555.0,15518996.0,59.34,76.37
2009-08-01,147.45,368.85,,,,,,,,,,,,,,,93.56789,14115898.0,6186726.0,85.87,73.53
2009-09-01,131.25,356.29,,,,,,,,,,,,,,48.05085929858879,95.33872,18432457.0,7072597.0,71.05,81.53
2009-10-01,134.22,332.77,,,,,,,,,,,,,,46.16548593438339,95.81895,11673450.0,4676088.0,80.32,87.79
2009-11-01,141.51,363.93,,,,,,,,,,,,,,,96.29597,13783900.0,2110011.0,46.12,114.84
2009-12-01,141.19,404.56,,,,,,,,,,,,,,52.19583388616161,96.4534,10044022.0,12976772.0,78.05,139.51
2010-01-01,140.99,398.6,,,,,,,,,,,,,,54.08163265306122,95.74278,9486812.0,1333541.0,130.66,129.49
2010-02-01,141.77,390.96,,11.6,61.45,1010.55,0.2,0.7999999999999999,16.099999999999998,,,,,,,51.44828577589305,95.23306,12663360.0,2120133.0,83.47,138.17
2010-03-01,140.84,370.15,,11.35483870967742,66.74516129032257,1017.3741935483871,1.8451612903225807,1.7999999999999998,17.4,,,,,,,56.24399260628466,98.23129,10737548.0,4498932.0,96.23,111.75
2010-04-01,143.88,347.64,,16.03666666666667,61.60333333333333,1016.44,0.38666666666666666,1.5966666666666667,18.83,,,,,,,61.35283635283635,99.38755,9030680.0,6132226.0,140.94,146.24
2010-05-01,144.46,359.01,,21.39032258064516,56.141935483870974,1011.0258064516129,1.5548387096774194,1.432258064516129,19.261290322580646,,,,,,,,100.181,9917680.0,6206157.0,95.58,135.79
2010-06-01,129.16,360.45,,25.233333333333334,53.93333333333333,1009.73,0.48666666666666664,0.9733333333333333,16.266666666666666,,,,,,,60.123406005758945,99.91795,10930809.0,10744892.0,105.24,143.76
2010-07-01,153.39,346.08,,28.029032258064515,50.25806451612903,1011.332258064516,0.18064516129032257,0.9387096774193547,16.774193548387096,,,,,,,58.18462037637898,99.43886,12977042.0,9111079.0,78.36,106.01
2010-08-01,191.03,351.22,,29.419354838709676,49.225806451612904,1010.2225806451613,0.3806451612903226,0.5806451612903226,12.787096774193548,,,,,,,,98.74862,18159697.0,5041787.0,95.54,115.0
2010-09-01,207.88,364.61,,22.85666666666667,62.25,1013.4433333333333,2.1599999999999997,0.8166666666666667,13.356666666666666,,,,,,,59.0078125,100.6499,28073604.0,10125696.0,79.12,80.26
2010-10-01,194.48,349.76,,15.641935483870967,79.73870967741935,1015.7161290322581,3.296774193548387,1.2967741935483872,17.280645161290323,,,,,,,60.24333381902957,100.8095,16463063.0,15896103.0,107.27,89.72
2010-11-01,199.6,374.68,,14.343333333333334,80.93666666666667,1013.6800000000001,1.146666666666667,0.5566666666666666,11.043333333333333,,,,,,,60.36191296854804,101.0311,17269652.0,8083164.0,117.05,126.46
2010-12-01,231.89,402.47,,7.922580645161291,79.19032258064516,1013.7387096774194,0.9290322580645162,0.9354838709677419,12.86774193548387,,,,,,,67.52573389248951,101.4432,15714925.0,21073454.0,99.27,99.05
2011-01-01,244.49,386.92,,7.164516129032258,81.43870967741935,1019.3548387096774,0.767741935483871,0.9774193548387097,11.674193548387096,,,,,,,,100.722,16165680.0,11182022.0,71.19,96.6
2011-02-01,255.09,383.97,,8.185714285714285,78.29285714285713,1016.25,0.6071428571428571,1.9857142857142858,16.15,,,,,,,72.99163940385316,99.41167,33282585.0,8350198.0,77.37,79.92
2011-03-01,226.28,352.02,,10.69032258064516,70.5,1021.4806451612903,1.1870967741935485,2.193548387096774,18.793548387096774,,,,,,,81.98191681735986,102.6516,20176469.0,6032450.0,109.2,91.2
2011-04-01,232.78,335.37,,14.373333333333333,66.62333333333333,1014.23,0.6466666666666666,1.7466666666666666,20.81,,,,,,,83.89081394526553,103.2919,13747780.0,6340936.0,146.67,96.14
2011-05-01,247.62,335.52,,19.6,62.903225806451616,1014.5419354838709,0.6387096774193549,1.8451612903225807,22.79032258064516,,,,,,,,103.4764,8501695.0,13451718.0,120.89,93.69
2011-06-01,226.89,357.1,,25.073333333333334,52.97,1012.3166666666667,0.5466666666666666,1.8333333333333333,23.006666666666664,,,,,,,80.61493614658522,103.254,10933411.0,3925628.0,120.42,103.82
2011-07-01,213.23,377.69,,28.97741935483871,42.70967741935484,1008.9741935483871,0.0,1.7193548387096773,22.04516129032258,,,,,,,75.80066261733847,101.8234,26244924.0,11260232.0,155.76,131.89
2011-08-01,228.04,394.63,,27.0258064516129,54.670967741935485,1012.5129032258066,1.6451612903225807,1.3258064516129033,22.570967741935487,,,,,,,80.72840790842872,100.3965,30819642.0,8703407.0,195.86,145.06
2011-09-01,229.78,435.49,,24.183333333333334,57.78666666666666,1014.5666666666667,0.38666666666666666,1.0733333333333335,20.376666666666665,,,,,,,81.50507525376268,103.7233,27145086.0,15009779.0,142.96,151.88
2011-10-01,210.85,437.3,,15.180645161290323,68.07096774193548,1019.5483870967741,0.9806451612903225,1.038709677419355,16.096774193548388,,,,,,,,103.8321,12927779.0,8686221.0,52.84,121.58
2011-11-01,206.94,453.07,,9.31,74.66333333333334,1025.2566666666667,0.17333333333333334,1.0966666666666667,12.703333333333335,,,,,,,78.49856901739194,103.9914,18339318.0,1164597.0,144.71,188.7
2011-12-01,204.18,444.55,,7.848387096774194,76.8225806451613,1019.2096774193549,1.3290322580645162,0.7483870967741936,12.138709677419355,,,,,,,80.66261488289356,103.8931,19419225.0,3698765.0,184.55,98.71
2012-01-01,212.87,419.72,94.75,4.690322580645161,66.57741935483871,1017.9548387096773,0.43225806451612897,1.6516129032258065,15.783870967741937,,,,,,,,103.0586,13406967.0,5471832.0,160.24,103.24
2012-02-01,210.1,406.56,105.62,5.751724137931035,75.82413793103449,1017.1379310344828,1.8,3.1413793103448273,22.803448275862067,,,,,,,84.97912713472485,101.4976,17702193.0,2307665.0,176.05,129.69
2012-03-01,215.05,415.14,89.15,11.54516129032258,65.62903225806451,1021.074193548387,1.2967741935483872,1.8548387096774193,19.10967741935484,,,,,,,94.47115384615385,104.3711,18555216.0,3468592.0,144.3,110.17
2012-04-01,202.35,416.18,73.76,16.133333333333333,64.11666666666666,1009.0966666666667,1.5333333333333334,1.8933333333333333,20.866666666666667,,,,,,,,105.2576,19216305.0,5509356.0,131.65,116.05
2012-05-01,206.6,469.3,74.62,20.30322580645161,63.645161290322584,1011.2709677419356,2.4322580645161294,1.3064516129032258,20.664516129032258,,,,,,,89.7986983502346,104.9159,23879699.0,3479433.0,308.32,182.11
2012-06-01,220.5,479.02,82.65,27.272413793103446,45.61034482758621,1012.4862068965517,0.006896551724137932,1.37,21.56,,,,,,,80.0438240545366,104.599,14656668.0,2496605.0,237.03,151.89
2012-07-01,281.64,467.44,89.37,30.190322580645162,43.73225806451613,1010.3225806451613,0.0,1.3741935483870968,22.216129032258067,,,,,,,,103.1868,16102506.0,10653048.0,180.06,142.13
2012-08-01,281.8,457.9,86.44,28.299999999999997,48.08709677419355,1012.8129032258065,0.16129032258064516,1.1741935483870967,20.54516129032258,,,,,,,86.82712636201009,102.1447,25959042.0,19389336.0,99.25,100.14
2012-09-01,274.63,437.68,77.74,23.56,61.66,1014.3833333333333,1.12,0.76,17.33,,,,,,,,104.6615,19618085.0,23356051.0,105.97,106.69
2012-10-01,276.08,430.27,72.12,19.483870967741936,68.25483870967743,1013.558064516129,1.103225806451613,0.5258064516129033,15.577419354838709,,,,,,,87.42719577541352,105.5182,17043109.0,1852267.0,128.1,104.15
2012-11-01,281.46,436.25,70.25,13.370000000000001,82.43666666666667,1017.5933333333334,1.9933333333333332,0.3766666666666667,11.033333333333333,16.771428571428572,69.0047619047619,1017.1809523809524,1.580952380952381,4.213636363636364,25.177272727272726,83.88439306358381,105.0034,18628051.0,9565424.0,184.61,135.79
2012-12-01,265.45,425.53,73.33,6.738709677419355,81.66129032258064,1014.2258064516129,2.690322580645161,1.2064516129032257,14.470967741935485,12.051612903225807,75.63870967741936,1014.3806451612903,5.754838709677419,5.109677419354839,33.693548387096776,,104.7285,21388390.0,7090114.0,199.96,103.09
2013-01-01,252.53,424.71,71.71,7.067741935483871,78.58387096774193,1013.1258064516129,1.0193548387096774,1.2225806451612902,16.14516129032258,11.7,71.50967741935484,1014.1419354838711,5.554838709677419,6.070967741935483,33.12580645161291,,103.2715,14737800.0,1888057.0,145.73,86.27
2013-02-01,238.77,421.49,71.6,9.25,78.45,1011.6821428571428,2.314285714285714,1.4892857142857143,18.682142857142857,12.482142857142858,73.61428571428571,1012.6178571428571,4.2214285714285715,6.760714285714286,37.53928571428572,84.6892406918792,101.5677,9858860.0,1814959.0,109.75,100.55
2013-03-01,238.95,431.22,60.52,11.687096774193549,72.45806451612903,1009.5677419354838,0.9161290322580645,1.961290322580645,20.30322580645161,14.529032258064515,68.25806451612904,1010.9870967741934,2.141935483870968,6.980645161290322,39.13870967741936,84.72307692307692,104.154,14660075.0,2324970.0,154.03,147.17
2013-04-01,236.68,427.63,62.05,17.476666666666667,58.8,1013.5966666666667,0.060000000000000005,1.5066666666666668,20.42666666666667,16.363333333333333,69.84666666666666,1014.9633333333334,0.46,4.576666666666667,29.490000000000002,,104.6316,16670548.0,3521534.0,122.49,109.02
2013-05-01,246.22,418.62,67.89,22.6,53.58387096774193,1009.6903225806452,1.270967741935484,1.558064516129032,21.44193548387097,21.05483870967742,67.47741935483872,1011.7258064516129,0.5870967741935484,5.029032258064516,31.14516129032258,,104.447,17991276.0,874950.0,93.87,84.93
2013-06-01,237.66,397.53,70.05,25.266666666666666,55.05333333333333,1010.4566666666667,1.7,1.1600000000000001,21.983333333333334,22.816666666666666,70.61999999999999,1012.1766666666666,0.10666666666666667,3.716666666666667,23.81,,104.1973,13946250.0,2480498.0,115.84,102.74
2013-07-01,232.83,389.06,68.06,27.187096774193545,51.00645161290323,1012.1967741935483,1.0064516129032257,1.0870967741935484,19.674193548387095,25.093548387096774,70.33225806451614,1012.2806451612903,0.0,3.0032258064516126,19.825806451612905,79.15164531717419,102.4746,23445535.0,21414653.0,132.84,102.73
2013-08-01,229.42,359.71,68.73,28.19677419354839,46.39354838709678,1011.7967741935485,0.0,0.8387096774193549,20.187096774193545,27.24516129032258,63.24516129032258,1011.4387096774193,0.0,3.6129032258064515,22.0,83.06134783922634,100.8392,16956081.0,4049805.0,122.4,88.27
2013-09-01,230.29,332.5,72.57,23.636666666666667,54.440000000000005,1012.2366666666666,0.3333333333333333,0.9266666666666666,18.776666666666664,24.082142857142856,69.38928571428572,1014.6678571428572,0.6428571428571429,4.062068965517241,24.637931034482758,,103.4893,22770421.0,9729220.0,84.49,82.13
2013-10-01,238.82,321.91,74.22,17.490322580645163,68.38064516129033,1019.0612903225807,0.34838709677419355,0.535483870967742,12.76774193548387,19.23,77.44333333333334,1018.87,3.14,2.9064516129032256,20.774193548387096,79.17957798435886,103.4199,14339934.0,843937.0,93.47,108.38
2013-11-01,227.54,324.9,72.41,13.286666666666667,79.64666666666668,1014.7133333333334,0.9866666666666667,0.6866666666666668,12.126666666666667,16.85,75.28,1014.0699999999999,7.626666666666667,5.1899999999999995,31.383333333333333,78.32654572380599,102.0072,18154219.0,1618242.0,79.03,92.18
2013-12-01,212.84,329.23,84.64,6.538709677419354,76.51290322580645,1024.1548387096775,1.064516129032258,1.0258064516129033,14.10967741935484,12.225806451612904,70.4483870967742,1021.5903225806452,3.1999999999999997,4.729032258064516,27.516129032258064,,102.9378,18471426.0,5127886.0,69.91,64.23
2014-01-01,202.45,330.59,85.39,8.748387096774193,85.50967741935484,1016.0516129032258,0.7290322580645162,1.0612903225806452,12.754838709677419,13.325806451612904,75.83548387096775,1016.0806451612904,4.696774193548387,4.199999999999999,26.845161290322583,,101.7531,8838526.0,16071805.0,116.69,116.14
2014-02-01,213.91,336.12,83.57,10.65,79.25357142857142,1017.282142857143,0.9500000000000001,1.3928571428571428,13.914285714285715,12.928571428571429,77.29642857142858,1017.1464285714285,3.1142857142857143,3.7357142857142853,26.035714285714285,,100.4,9622648.0,1719641.0,74.06,83.31
2014-03-01,234.2,305.31,70.65,12.712903225806452,69.50645161290322,1013.667741935484,1.0258064516129033,1.538709677419355,18.174193548387095,13.719354838709679,73.3258064516129,1014.2741935483871,3.825806451612903,5.04516129032258,31.774193548387096,,102.7501,12190999.0,8477485.0,67.69,84.61
2014-04-01,235.16,285.98,72.34,15.639999999999999,70.66000000000001,1010.0533333333333,1.5466666666666666,1.4166666666666667,19.363333333333333,16.273333333333333,73.59666666666666,1012.36,1.0,4.8566666666666665,28.053333333333335,76.6497461928934,103.2216,18591148.0,5728489.0,58.92,71.23
2014-05-01,243.69,282.47,68.26,20.612903225806452,57.00322580645161,1010.7193548387097,0.43870967741935485,1.1225806451612903,20.45483870967742,18.970967741935485,73.52258064516128,1013.4000000000001,0.2903225806451613,3.903225806451613,24.080645161290324,,102.4,13931017.0,1040063.0,116.31,84.65
2014-06-01,225.45,292.08,70.16,25.60666666666667,51.46333333333334,1011.2900000000001,0.6,1.06,20.43,23.15666666666667,71.57666666666667,1012.8933333333333,1.1533333333333333,3.4133333333333336,23.336666666666666,,103.0598,7058729.0,2812090.0,99.8,93.39
2014-07-01,207.04,311.64,79.94,27.74516129032258,51.012903225806454,1009.3290322580646,0.3612903225806452,1.4387096774193548,21.322580645161292,25.45483870967742,71.20322580645161,1011.483870967742,0.0,3.4419354838709677,21.73548387096774,80.9760374050263,101.7776,10195615.0,28542536.0,86.46,92.96
2014-08-01,197.85,334.19,71.95,27.98709677419355,53.86774193548387,1009.9580645161291,0.3290322580645161,1.1290322580645162,20.287096774193547,25.541935483870965,72.95483870967742,1011.4741935483871,0.0,2.5999999999999996,19.467741935483872,77.23030981709593,100.5401,21318688.0,10226283.0,102.4,102.44
2014-09-01,189.01,335.17,73.09,22.34333333333333,68.15,1012.9633333333334,1.9866666666666668,1.01,18.93,23.69,69.75,1013.7666666666667,0.5533333333333332,4.03,24.123333333333335,76.67576584774038,102.62,26333407.0,7921640.0,126.9,102.71
2014-10-01,193.69,337.75,71.37,16.903225806451612,76.35161290322581,1017.1548387096774,2.7419354838709675,0.6967741935483871,13.180645161290323,19.251612903225805,75.6516129032258,1016.1161290322581,5.567741935483871,3.4709677419354836,26.20967741935484,75.03768943902246,101.6864,14872250.0,14048912.0,186.23,126.64
2014-11-01,207.42,335.18,77.5,12.68,83.48,1019.3566666666667,1.3066666666666669,0.31666666666666665,9.583333333333334,16.566666666666666,73.94333333333334,1017.5733333333334,2.0266666666666664,3.96,25.59333333333333,,100.7359,17388430.0,16695312.0,166.98,89.25
2014-12-01,218.73,339.0,78.94,8.770967741935483,85.36129032258064,1017.2387096774194,2.0258064516129033,1.096774193548387,12.290322580645162,13.712903225806452,76.07741935483871,1016.0548387096775,5.703225806451614,5.267741935483872,32.81935483870968,56.83695565001204,100.2543,13760940.0,1456558.0,301.7,167.2
2015-01-01,214.22,362.22,67.17,6.538709677419354,73.25161290322582,1016.8806451612903,0.5870967741935483,1.335483870967742,15.680645161290322,11.296774193548387,71.00645161290322,1016.8064516129032,3.7870967741935484,5.97741935483871,34.10967741935484,,98.8664,12569760.0,1223941.0,302.45,163.42
2015-02-01,208.88,370.16,62.43,7.696428571428571,71.725,1013.875,1.3,2.3249999999999997,20.928571428571427,11.00357142857143,65.38571428571429,1013.3607142857143,7.107142857142857,7.710714285714286,40.34285714285714,,98.23171,14914508.0,56033.0,211.47,168.83
2015-03-01,212.99,378.44,60.95,10.258064516129032,76.18387096774192,1017.5,2.2516129032258063,2.0870967741935487,18.89677419354839,13.16451612903226,75.61935483870967,1016.0774193548388,7.270967741935484,4.361290322580645,30.52258064516129,,100.5494,18172842.0,10305958.0,220.08,144.8
2015-04-01,207.29,370.23,52.0,15.136666666666667,60.54,1015.6466666666668,0.9733333333333333,2.0966666666666667,22.366666666666667,15.213333333333333,72.78,1017.2733333333333,0.16666666666666666,4.5233333333333325,26.38,51.81775918177592,101.0469,10478865.0,4772983.0,266.96,167.37
2015-05-01,193.0,341.51,52.87,21.883870967741935,58.777419354838706,1011.8806451612903,0.6193548387096776,1.0258064516129033,18.63225806451613,19.958064516129035,71.63870967741936,1013.425806451613,0.6129032258064516,3.8870967741935485,24.703225806451613,,100.1993,14309743.0,816862.0,262.2,140.76
2015-06-01,187.12,335.34,50.72,24.136666666666667,56.92333333333333,1012.9533333333333,1.4,0.9833333333333333,19.89333333333333,22.783333333333335,72.66666666666667,1013.62,0.5466666666666666,3.2766666666666664,22.733333333333334,57.447002923976605,100.8376,8495158.0,55332.0,240.58,170.31
2015-07-01,179.53,356.67,57.06,28.693548387096776,49.96451612903226,1011.7258064516129,0.025806451612903226,0.7096774193548387,18.06451612903226,27.312903225806455,67.83870967741936,1011.5709677419355,0.06451612903225806,3.390322580645161,22.26451612903226,55.54054054054053,99.50778,14135884.0,11304157.0,260.24,110.21
2015-08-01,161.35,334.95,53.79,27.59032258064516,54.08064516129032,1012.7032258064515,0.9290322580645162,0.7967741935483871,17.70967741935484,27.661290322580644,63.68064516129032,1012.2645161290322,0.1935483870967742,3.9000000000000004,27.86774193548387,,99.07301,25826029.0,5691551.0,223.22,121.62
2015-09-01,153.86,318.06,55.79,24.43,65.15,1012.92,1.5333333333333334,0.7466666666666666,15.03,24.82,72.82666666666667,1013.0300000000001,4.98,3.2633333333333336,23.703333333333333,43.431826272694906,100.8563,21455621.0,8203859.0,188.21,108.82
2015-10-01,153.84,332.25,54.69,17.580645161290324,78.25806451612904,1017.2967741935485,2.7483870967741937,0.9580645161290323,14.325806451612904,20.95483870967742,71.80322580645162,1015.2516129032258,2.793548387096774,4.651612903225806,27.970967741935485,42.57150542454944,100.7536,22961750.0,2236434.0,110.24,96.28
2015-11-01,164.76,342.35,54.79,13.2,75.41333333333334,1018.3333333333334,0.7266666666666666,0.51,9.69,16.966666666666665,72.86999999999999,1018.4366666666666,3.76,4.493333333333334,25.12,,99.99141,17931834.0,3932409.0,123.12,75.48
2015-12-01,173.99,333.76,57.68,6.930000000000001,80.47,1028.9266666666667,0.06666666666666667,0.4258064516129032,8.600000000000001,12.306451612903226,74.48387096774194,1026.983870967742,1.6129032258064515,2.9129032258064513,20.52258064516129,40.537735849056595,100.0865,14357558.0,56211.0,139.45,94.48
2016-01-01,178.0,339.85,55.04,7.04516129032258,74.63870967741936,1016.8387096774194,1.296774193548387,1.1129032258064515,13.899999999999999,12.067741935483872,76.67096774193548,1018.1580645161291,5.941935483870967,4.809677419354839,27.835483870967742,,98.14009,17292190.0,878759.0,174.29,106.52
2016-02-01,168.69,346.35,49.56,12.144827586206896,75.85517241379311,1016.2896551724139,0.593103448275862,1.0655172413793104,15.720689655172414,15.324137931034484,69.64827586206897,1017.8517241379311,1.1724137931034482,6.686206896551725,35.675862068965515,29.81440646821022,97.72501,18311412.0,2262026.0,186.37,122.52
2016-03-01,172.18,346.03,47.03,11.983870967741936,73.6774193548387,1011.5548387096775,3.7548387096774194,1.5451612903225806,17.761290322580646,14.096774193548388,73.61612903225806,1012.9225806451612,3.729032258064516,5.622580645161291,34.88387096774194,32.86423841059602,99.04065000000001,18299914.0,5028670.0,189.32,105.37
2016-04-01,165.26,348.36,44.74,18.209999999999997,60.733333333333334,1011.5366666666666,0.13333333333333333,0.8866666666666667,16.363333333333333,17.69,71.82666666666667,1013.23,0.6733333333333335,3.8133333333333335,25.05,31.85794261721484,99.77558,17254525.0,2333524.0,150.63,119.4
2016-05-01,151.94,382.58,50.36,20.038709677419355,61.038709677419355,1011.0419354838709,1.064516129032258,1.0774193548387097,19.309677419354838,19.16774193548387,73.1516129032258,1013.074193548387,1.7096774193548387,4.038709677419355,26.625806451612902,,99.32848000000001,11667875.0,2280323.0,225.52,139.73
2016-06-01,154.14,392.77,46.63,26.9,51.473333333333336,1010.8533333333332,0.20666666666666667,1.0666666666666667,20.596666666666668,24.103333333333335,73.09333333333333,1012.2133333333334,3.6666666666666665,3.26,22.523333333333333,43.68176123143011,100.1207,14191460.0,12894068.0,226.33,111.17
2016-07-01,137.15,399.46,47.59,28.648387096774194,49.00322580645161,1011.2677419354839,0.012903225806451613,1.7774193548387098,23.151612903225807,26.55,71.27,1011.7900000000001,0.0,2.9419354838709677,19.206451612903226,42.79299506061967,98.46955,15076994.0,25697464.0,204.13,139.11
2016-08-01,133.06,370.17,45.75,27.57741935483871,50.38709677419355,1012.4193548387096,0.0064516129032258064,1.770967741935484,22.580645161290324,26.190322580645162,71.0516129032258,1012.1870967741935,0.18064516129032257,3.541935483870968,22.835483870967742,35.98172697957721,98.13389,20212208.0,18086166.0,166.71,98.17
2016-09-01,134.33,342.41,46.76,22.206666666666667,67.31666666666666,1014.9300000000001,3.2733333333333334,0.85,17.273333333333333,23.266666666666666,72.63000000000001,1014.8833333333333,5.226666666666666,3.606666666666667,24.456666666666667,40.418087206172615,99.87823,19751405.0,27162753.0,134.73,104.64
2016-10-01,137.73,334.9,53.05,17.283870967741933,74.22258064516129,1018.0451612903227,2.0903225806451613,0.8580645161290323,14.903225806451612,20.12258064516129,76.56451612903226,1017.0193548387097,5.916129032258064,3.206451612903226,24.45483870967742,,100.2672,16848646.0,16451245.0,131.4,99.55
2016-11-01,139.25,337.39,53.51,11.5,78.29666666666667,1019.02,1.3466666666666667,0.7066666666666668,11.256666666666666,16.086666666666666,77.97333333333333,1018.7233333333334,8.34,3.77,24.63,41.51473922902494,99.10326,18976651.0,13157427.0,214.74,117.13
2016-12-01,134.55,353.84,60.92,5.335483870967742,70.8225806451613,1025.7451612903226,0.22580645161290322,1.2548387096774194,16.080645161290324,10.670967741935485,66.84193548387097,1023.816129032258,0.6709677419354839,4.790322580645161,27.506451612903227,49.19544556318811,100.1095,13822186.0,10810894.0,204.21,155.94
2017-01-01,144.26,354.95,99.49,1.8838709677419356,82.85806451612903,1019.6032258064516,1.3548387096774193,0.9193548387096774,12.458064516129031,9.483870967741936,75.79032258064517,1017.6290322580645,8.63225806451613,4.52258064516129,28.809677419354838,,99.27901000000001,16621680.0,8436205.0,272.32,134.59
2017-02-01,145.69,344.81,73.9,9.332142857142857,77.61428571428571,1021.0428571428572,1.45,1.1321428571428571,14.25357142857143,12.589285714285714,75.74642857142858,1021.1678571428572,2.4285714285714284,4.167857142857143,24.37142857142857,51.70528266913809,98.99581,15120309.0,4797293.0,280.47,136.88
2017-03-01,144.45,346.33,60.29,13.064516129032258,67.0,1014.2645161290322,1.1161290322580646,1.7129032258064516,21.39032258064516,13.516129032258064,77.98064516129033,1014.9161290322581,1.0064516129032257,3.7838709677419353,25.903225806451612,52.90040824076711,100.7698,19844261.0,9356887.0,244.46,147.4
2017-04-01,154.97,354.59,58.96,15.803333333333335,61.96,1014.59,0.4933333333333333,1.1766666666666665,18.936666666666667,15.593333333333334,71.63666666666667,1016.0633333333334,0.36000000000000004,4.426666666666667,28.533333333333335,,101.4137,14332685.0,3337178.0,189.88,106.67
2017-05-01,163.27,381.01,57.73,20.79032258064516,61.483870967741936,1012.4354838709677,3.6580645161290324,1.1516129032258065,23.419354838709676,19.316129032258065,74.50967741935484,1014.3903225806451,0.7806451612903226,3.874193548387097,24.183870967741935,,100.5134,14514945.0,7361960.0,171.69,90.0
2017-06-01,168.85,407.87,59.7,26.316666666666666,57.47666666666667,1011.7233333333334,1.7,0.95,20.33,23.563333333333333,74.77666666666667,1013.2766666666666,0.12666666666666668,2.5866666666666664,18.933333333333334,44.932703449505304,101.138,14442652.0,25889.0,189.63,101.79
2017-07-01,175.78,362.06,62.86,28.23225806451613,52.099999999999994,1010.4451612903225,3.580645161290322,1.2483870967741937,20.09032258064516,26.09032258064516,68.0516129032258,1011.1709677419354,2.264516129032258,1.7935483870967743,20.925806451612903,,99.45373,20287271.0,12768.0,148.53,70.23
2017-08-01,145.03,332.88,61.48,27.635483870967743,48.88709677419355,1012.3838709677419,0.6645161290322581,0.8967741935483872,19.096774193548388,27.03548387096774,63.54838709677419,1011.9451612903225,0.4645161290322581,1.703225806451613,20.30322580645161,42.98171351168303,99.00959,26918325.0,31327.0,93.11,86.48
2017-09-01,149.88,337.4,61.88,23.626666666666665,56.419999999999995,1012.8466666666667,0.6866666666666668,1.06,19.03666666666667,23.323333333333334,70.49,1014.7133333333334,0.9600000000000001,2.5166666666666666,22.896666666666665,44.58892617449664,100.8816,22938981.0,3387939.0,102.7,93.51
2017-10-01,149.4,335.15,66.77,16.996774193548386,63.05806451612903,1016.5967741935484,0.3870967741935484,0.5387096774193548,14.490322580645161,19.051612903225806,71.47419354838709,1016.9387096774193,0.9161290322580646,2.2516129032258063,22.01290322580645,,100.9835,18737055.0,290478.0,110.24,85.45
2017-11-01,153.25,342.87,86.23,11.893333333333334,77.16000000000001,1015.9300000000001,3.7266666666666666,0.7066666666666667,13.663333333333332,15.796666666666665,75.18,1016.3966666666668,8.446666666666667,3.4066666666666667,30.696666666666665,52.5146400275577,100.2356,18209572.0,2633523.0,108.53,68.66
2017-12-01,155.54,343.02,70.0,8.338709677419354,75.73225806451612,1017.7451612903226,2.5806451612903225,0.8580645161290323,15.616129032258065,12.316129032258065,76.14516129032258,1019.3096774193548,6.696774193548387,4.52258064516129,31.19677419354839,54.32898611695414,100.7624,13905877.0,7756905.0,95.8,56.46
2018-01-01,157.6,362.49,59.18,7.835483870967742,75.69032258064516,1018.5548387096775,1.1612903225806452,1.5870967741935482,15.3,11.751612903225807,75.6516129032258,1019.0903225806452,4.251612903225807,3.2129032258064516,27.683870967741935,,99.10498,18896511.0,2795305.0,93.58,77.42
2018-02-01,155.68,344.3,58.68,9.464285714285714,78.75357142857142,1011.6821428571428,5.121428571428572,2.1785714285714284,22.650000000000002,12.560714285714285,75.73214285714286,1012.217857142857,8.221428571428572,3.764285714285714,35.00714285714286,55.060598763945734,99.05471,13916386.0,2935862.0,135.4,83.77
2018-03-01,155.78,348.58,57.21,13.193548387096774,66.69677419354838,1007.3612903225807,1.070967741935484,2.196774193548387,21.13225806451613,15.006451612903225,72.1774193548387,1010.4000000000001,1.9548387096774194,4.419354838709677,35.81612903225806,52.77298496425931,100.5342,17121594.0,11987648.0,110.47,86.57
2018-04-01,174.21,367.4,59.42,18.44,60.26,1014.2266666666667,0.15333333333333332,0.9966666666666666,18.723333333333336,17.633333333333333,73.08999999999999,1014.42,0.05333333333333334,1.91,23.013333333333332,,101.4515,17566813.0,8412221.0,133.31,93.0
2018-05-01,180.94,381.59,63.24,22.39032258064516,63.096774193548384,1011.1225806451613,0.3741935483870968,1.1741935483870967,21.74516129032258,21.59032258064516,73.41290322580646,1011.7709677419356,1.3161290322580643,2.7838709677419353,25.59032258064516,,101.1223,17200690.0,2053384.0,97.97,116.71
2018-06-01,187.85,365.66,66.31,25.046666666666667,59.61,1008.3066666666667,3.506666666666667,1.0933333333333333,20.38,24.0,74.34666666666666,1010.0733333333334,2.6,2.99,24.936666666666667,63.8786528408604,102.1206,11176575.0,4400934.0,115.82,94.58
2018-07-01,186.74,340.53,69.81,27.6,58.92258064516129,1008.4032258064516,1.0193548387096774,1.038709677419355,20.403225806451612,25.038709677419355,77.08709677419354,1010.4483870967742,0.025806451612903226,1.7000000000000002,19.467741935483872,,100.301,18996044.0,7847987.0,91.73,76.73
2018-08-01,204.91,350.72,70.65,26.799999999999997,57.50967741935484,1011.8129032258065,0.8451612903225806,0.7870967741935485,18.94193548387097,26.961290322580645,66.2741935483871,1011.4096774193548,0.4129032258064516,2.487096774193548,25.17096774193548,61.798905608755135,99.97002,30417589.0,7804069.0,112.63,130.15
2018-09-01,182.13,347.32,74.4,23.176666666666666,55.43,1015.2533333333333,0.86,1.4566666666666668,18.72666666666667,24.233333333333334,68.83999999999999,1014.48,2.48,3.9233333333333333,29.073333333333334,,101.9816,20879939.0,1869169.0,79.36,118.81
2018-10-01,185.9,356.16,81.0,17.509677419354837,72.71612903225805,1018.1129032258065,0.31612903225806455,0.6451612903225806,14.651612903225805,20.612903225806452,72.63548387096773,1016.8419354838709,0.2967741935483871,1.7483870967741937,23.151612903225807,73.18628295709115,102.7695,19576452.0,10104853.0,138.66,130.86
2018-11-01,179.1,352.82,79.45,12.766666666666667,81.5,1019.01,2.2266666666666666,0.9133333333333333,13.463333333333333,16.619999999999997,76.06,1016.91,6.333333333333333,2.743333333333333,27.31,62.5384007724041,101.2247,15693781.0,5615878.0,152.97,101.85
2018-12-01,185.68,355.05,80.57,6.448387096774193,77.84516129032258,1018.7612903225806,0.8903225806451612,0.8419354838709677,13.283870967741937,12.283870967741937,75.87741935483871,1017.7838709677419,5.993548387096775,2.0935483870967744,25.751612903225805,,101.3299,11265622.0,8129578.0,87.31,93.47
2019-01-01,183.74,359.06,83.05,4.567741935483871,80.69677419354838,1009.8935483870968,2.2193548387096773,1.0451612903225806,13.86774193548387,10.02258064516129,75.80322580645162,1010.0870967741936,14.735483870967743,4.164516129032258,34.94516129032258,,99.54,13482456.0,3346415.0,123.18,115.8
2019-02-01,192.91,359.41,77.1,8.578571428571427,68.48571428571428,1019.4250000000001,0.6857142857142857,3.132142857142857,21.957142857142856,12.003846153846155,68.3923076923077,1017.2038461538461,3.492307692307693,5.444444444444445,37.91111111111111,53.92729491761834,99.6691,20097063.0,8713086.0,150.04,108.66
2019-03-01,182.05,359.22,71.39,13.04516129032258,63.4,1015.9354838709677,0.6193548387096774,1.835483870967742,20.096774193548388,13.135483870967741,74.55483870967741,1016.9322580645161,3.541935483870968,3.890322580645161,30.887096774193548,55.969428094526926,101.4823,18947879.0,805878.0,99.47,80.9
2019-04-01,177.54,367.5,70.12,15.19,69.26333333333334,1013.5266666666666,0.6,1.3233333333333335,20.653333333333332,15.866666666666667,74.09333333333333,1014.25,2.393333333333333,2.75,29.503333333333334,61.48095407618369,102.4866,11771496.0,7773841.0,135.32,96.84
2019-05-01,178.4,365.71,72.85,20.458064516129035,57.55483870967742,1009.7548387096774,1.1419354838709677,1.3258064516129033,19.05483870967742,17.73225806451613,77.09354838709677,1012.9451612903225,1.4064516129032258,2.8,31.299999999999997,,101.3521,14037312.0,3256252.0,39.61,98.06
2019-06-01,182.53,371.91,72.83,26.776666666666664,56.13,1012.1166666666667,0.7066666666666667,0.8533333333333334,19.846666666666668,24.266666666666666,72.66333333333334,1013.25,0.06666666666666667,2.3333333333333335,21.083333333333332,,101.8369,13557612.0,14676.0,39.43,91.89
2019-07-01,174.95,370.94,67.05,27.951612903225808,54.016129032258064,1009.316129032258,1.464516129032258,0.9032258064516129,18.225806451612904,25.903225806451612,71.93870967741935,1010.3741935483871,0.7483870967741936,2.1322580645161286,21.225806451612904,57.36188210415014,100.3478,15471244.0,11996712.0,13.43,81.96
2019-08-01,162.82,386.48,69.41,28.725806451612904,48.08387096774193,1012.0935483870968,0.17419354838709677,0.9096774193548387,18.996774193548386,27.174193548387095,66.25483870967743,1011.7193548387097,0.0,2.629032258064516,22.261290322580646,56.99012412793332,99.79972,30842256.0,5829863.0,34.78,93.95
2019-09-01,172.28,387.99,67.64,24.013333333333332,58.443333333333335,1014.2,0.43333333333333335,0.9066666666666666,19.95,24.673333333333336,70.91000000000001,1014.6233333333333,1.5,2.31,21.726666666666667,,101.9057,11974719.0,5028754.0,28.0,59.98
2019-10-01,180.51,383.61,71.48,19.01290322580645,73.28387096774195,1015.9225806451612,1.1225806451612903,0.37419354838709684,12.44516129032258,20.73225806451613,77.11935483870967,1015.7064516129033,2.47741935483871,1.667741935483871,19.5258064516129,55.111029546705815,102.038,22645556.0,8134051.0,189.31,37.7
2019-11-01,183.77,380.76,64.23,15.276666666666667,83.49333333333334,1013.2133333333334,2.36,0.38999999999999996,12.003333333333334,18.133333333333333,77.07,1013.7433333333333,13.693333333333333,4.076666666666666,30.860000000000003,54.01741628512434,101.4502,20939336.0,3129757.0,89.79,44.2
2019-12-01,189.86,388.89,71.72,8.974193548387097,79.91935483870968,1016.3387096774194,4.012903225806451,1.0548387096774194,14.22258064516129,13.735483870967743,76.94516129032259,1015.9677419354839,4.612903225806452,4.083870967741936,26.374193548387098,,102.1203,18848223.0,10460358.0,157.45,41.97
2020-01-01,202.24,406.28,67.33,6.090322580645162,70.28387096774195,1024.1290322580646,0.03870967741935484,1.1161290322580646,14.993548387096775,10.506451612903225,72.94193548387096,1023.0999999999999,0.6580645161290322,1.9709677419354839,21.299999999999997,,100.3992,16701916.0,11018501.0,116.91,67.13
2020-02-01,197.4,412.54,57.73,9.782758620689656,67.5551724137931,1017.1206896551724,0.6137931034482759,1.789655172413793,19.92413793103448,12.141379310344828,75.98965517241379,1018.9241379310345,1.4689655172413794,2.762068965517241,26.024137931034485,,99.89766,14821064.0,19858135.0,93.95,72.25
2020-03-01,189.04,446.67,56.95,12.080645161290322,70.49677419354839,1014.1806451612903,1.8387096774193548,1.5,18.074193548387097,13.516129032258064,72.64838709677419,1014.4967741935484,4.032258064516129,3.2290322580645165,29.07741935483871,,101.4785,14494706.0,8636883.0,168.22,78.47
2020-04-01,201.54,519.06,41.09,14.753333333333334,64.81666666666666,1014.7533333333333,1.6199999999999999,1.37,18.41,14.913333333333332,77.55666666666666,1014.37,1.2133333333333334,2.0900000000000003,24.896666666666665,13.688734455010975,101.0155,16936158.0,7032180.0,263.45,73.44
2020-05-01,188.76,467.86,41.79,21.316129032258065,56.55483870967742,1013.1387096774193,1.032258064516129,0.967741935483871,16.612903225806452,20.15806451612903,68.89032258064516,1015.0806451612904,0.21290322580645163,2.8096774193548386,22.05806451612903,,100.1945,8778145.0,2621465.0,233.15,75.04
2020-06-01,176.31,462.05,38.68,25.08,53.43333333333333,1008.2800000000001,0.66,1.12,18.77,22.06,75.32666666666667,1011.4833333333333,0.006666666666666667,2.8733333333333335,24.503333333333334,33.05145735876215,100.2388,8216142.0,835874.0,252.01,65.72
2020-07-01,193.52,418.18,45.95,27.70967741935484,53.751612903225805,1010.1161290322581,0.5096774193548387,0.9129032258064517,19.561290322580643,25.712903225806453,72.20645161290322,1010.316129032258,0.15483870967741936,2.361290322580645,19.677419354838708,37.660714285714285,98.53287,16999599.0,7503334.0,155.65,72.79
2020-08-01,188.54,426.96,53.49,27.26451612903226,57.63225806451613,1009.5645161290323,1.3870967741935485,0.9290322580645162,19.26451612903226,26.490322580645163,74.24516129032257,1010.1096774193549,0.0064516129032258064,2.3451612903225807,21.958064516129035,,97.89494,22681840.0,1213031.0,134.9,52.92
2020-09-01,210.12,430.11,58.36,24.096666666666668,59.623333333333335,1013.0300000000001,2.3733333333333335,0.8366666666666667,17.383333333333333,24.756666666666668,69.90333333333334,1013.2866666666666,4.14,3.51,27.466666666666665,38.141319763076666,99.8858,17198340.0,3701199.0,175.29,79.57
2020-10-01,231.33,400.04,61.18,18.44516129032258,69.28064516129032,1014.4354838709677,1.3290322580645162,0.5129032258064516,13.861290322580645,20.361290322580647,73.4,1015.4612903225806,1.6838709677419357,1.6483870967741936,22.89677419354839,33.82402995234853,100.2342,17411662.0,7039074.0,261.96,81.11
2020-11-01,230.77,413.37,81.37,12.17,79.35,1022.7466666666666,0.3133333333333333,0.30666666666666664,10.71,16.24,69.15333333333334,1020.3199999999999,0.8333333333333334,2.6599999999999997,24.68,,99.3552,17036883.0,5331419.0,212.51,76.35
2020-12-01,221.08,428.08,89.07,10.596774193548388,86.49032258064516,1015.3032258064517,1.2516129032258063,0.25806451612903225,10.729032258064517,14.40967741935484,79.16774193548386,1015.5193548387097,8.04516129032258,3.641935483870968,25.967741935483872,39.29645721925133,99.75089,14826071.0,3310114.0,218.52,61.99
2021-01-01,237.6,447.6,63.91,8.17741935483871,78.26774193548388,1012.7451612903226,2.8,1.0483870967741935,16.716129032258067,13.3,72.99354838709678,1014.9032258064516,7.296774193548386,5.84516129032258,35.97741935483871,,98.42724,17728472.0,1010816.0,160.42,53.63
2021-02-01,239.25,460.48,62.57,8.578571428571427,76.35000000000001,1019.9499999999999,0.5142857142857143,0.8285714285714285,13.967857142857143,12.460714285714285,74.33214285714287,1020.4178571428572,1.8714285714285714,3.5749999999999997,26.610714285714288,46.6898378020523,98.63056,25187101.0,19983808.0,199.79,89.41
2021-03-01,229.55,441.24,69.22,10.370967741935484,66.6032258064516,1016.6483870967742,2.509677419354839,1.7419354838709677,20.14516129032258,12.407692307692308,72.6576923076923,1017.8192307692308,2.1538461538461537,3.162962962962963,28.914814814814818,53.563428192151335,99.81734,14541433.0,19218566.0,128.07,57.59
2021-04-01,234.55,413.25,73.93,14.28,66.36,1014.6166666666667,0.7933333333333333,1.2366666666666668,19.209999999999997,16.003333333333334,69.15666666666667,1015.5166666666667,0.16,2.5533333333333332,25.803333333333335,54.358930699812696,100.7251,17157721.0,7067127.0,139.07,70.32
2021-05-01,244.8,406.0,76.32,22.041935483870965,54.00967741935484,1011.5645161290323,0.4193548387096774,1.0096774193548388,18.12258064516129,19.822580645161292,70.96129032258065,1014.1322580645161,0.019354838709677424,2.003225806451613,20.551612903225806,,100.3314,10589706.0,12492198.0,128.82,51.89
2021-06-01,237.05,386.86,98.38,25.336666666666666,59.36333333333333,1012.63,0.5733333333333334,0.5266666666666667,17.976666666666667,23.226666666666667,70.58333333333333,1014.44,0.15333333333333332,1.8166666666666667,19.033333333333335,57.284253578732105,101.2696,16282386.0,7346024.0,112.92,70.77
2021-07-01,248.97,350.27,112.48,29.393548387096775,48.18387096774194,1009.5677419354838,0.5161290322580645,0.9161290322580645,19.200000000000003,27.183870967741935,70.45806451612903,1010.6548387096774,0.0,2.458064516129032,19.932258064516127,64.53214405923931,99.86414,25979841.0,11157390.0,138.07,74.58
2021-08-01,275.68,342.35,136.78,28.848387096774193,52.13548387096775,1010.4870967741934,0.33548387096774196,1.132258064516129,21.538709677419355,27.967741935483872,65.84516129032258,1011.7806451612903,0.0,2.661290322580645,21.27741935483871,,99.73395,33816300.0,30286243.0,113.06,40.87
2021-09-01,287.14,340.26,147.11,22.596551724137928,60.46,1015.1766666666666,1.5666666666666667,1.1700000000000002,18.026666666666664,23.633333333333333,70.49333333333334,1015.3566666666667,1.2266666666666666,2.2766666666666664,22.526666666666664,60.92070745536092,102.0951,29184954.0,26665358.0,88.81,63.73
2021-10-01,305.68,345.61,221.2,15.30967741935484,78.19032258064516,1019.0193548387097,3.296774193548387,0.6161290322580646,13.648387096774194,19.15806451612903,73.1774193548387,1016.9354838709677,4.032258064516129,2.338709677419355,26.53548387096774,68.44827586206897,103.6557,24669300.0,17780416.0,91.07,40.49
2021-11-01,332.03,350.01,251.96,12.7,83.12333333333332,1017.3733333333333,0.7533333333333333,0.38999999999999996,11.096666666666668,16.85,79.01,1016.06,4.833333333333333,2.746666666666667,28.970000000000002,72.9918811539126,104.1469,40753069.0,11631348.0,83.19,81.92
2021-12-01,333.52,354.05,264.38,8.196774193548388,77.30000000000001,1014.0451612903227,2.0193548387096776,0.9225806451612903,13.64516129032258,12.138709677419355,78.35483870967742,1014.7709677419356,5.858064516129032,3.3419354838709676,26.22258064516129,61.45483471804844,104.8531,27425888.0,14614176.0,163.91,65.17
2022-01-01,330.91,377.56,251.14,5.919354838709677,70.04516129032258,1018.6967741935483,1.425806451612903,2.009677419354839,16.493548387096773,10.296774193548387,71.33548387096775,1017.5903225806452,4.709677419354839,3.270967741935484,28.296774193548387,,104.5787,18193689.0,37466432.0,184.17,37.79
2022-02-01,344.31,376.49,229.87,8.782142857142857,73.81785714285715,1017.0178571428571,2.257142857142857,1.1285714285714286,16.382142857142856,11.471428571428572,76.80714285714285,1017.4499999999999,2.95,2.6464285714285714,23.228571428571428,80.14209591474246,105.7458,23662936.0,32905487.0,120.12,51.65
2022-03-01,441.35,382.99,297.87,8.264516129032257,67.91290322580646,1021.8387096774194,1.5612903225806452,1.932258064516129,20.509677419354837,10.903225806451612,66.19354838709677,1020.758064516129,1.4774193548387098,5.341935483870968,33.1741935483871,99.38183121304425,108.6512,47103999.0,12890243.0,213.01,87.66
2022-04-01,457.76,398.35,265.98,15.870000000000001,61.69666666666667,1011.3633333333333,0.4533333333333333,1.85,20.44333333333333,16.023333333333333,72.65,1012.4599999999999,0.44,2.6633333333333336,26.833333333333332,96.02786825913861,110.9716,37966936.0,19142454.0,267.68,
2022-05-01,494.18,439.03,241.84,21.429032258064513,59.78709677419355,1014.758064516129,0.24516129032258066,0.6064516129032258,17.187096774193552,19.39032258064516,73.98387096774194,1015.5032258064516,0.4387096774193548,1.9,21.548387096774192,,111.6983,21325553.0,10600050.0,140.49,66.32
2022-06-01,434.93,420.18,263.66,26.616666666666667,58.45,1011.19,1.3466666666666667,0.6066666666666667,17.436666666666667,25.096666666666668,73.19666666666667,1011.9233333333334,0.5933333333333334,2.4433333333333334,20.063333333333333,114.07766990291263,113.5169,24872928.0,5562208.0,154.87,59.64
2022-07-01,376.32,411.24,363.4,28.112903225806452,49.45161290322581,1012.3129032258065,0.3483870967741935,0.532258064516129,16.88064516129032,27.203225806451613,63.61612903225806,1011.5903225806452,0.08387096774193549,2.487096774193548,21.23225806451613,114.35011990407673,111.4391,27002304.0,34891769.0,224.6,63.83
2022-08-01,378.06,425.59,454.97,27.451612903225808,56.435483870967744,1009.0193548387097,1.1032258064516127,0.5451612903225808,17.141935483870967,26.65806451612903,70.69354838709677,1009.5774193548388,0.4258064516129032,2.370967741935484,20.651612903225807,103.67438678784325,111.1074,28540578.0,22937254.0,147.39,58.61
2022-09-01,423.36,443.42,447.12,23.426666666666666,58.10666666666667,1012.01,0.14,0.59,14.426666666666668,23.709999999999997,71.19666666666667,1013.2866666666666,1.66,2.54,20.81,92.203118752499,114.371,29591497.0,8071800.0,154.93,78.95
2022-10-01,445.47,438.4,263.5,17.677419354838708,66.34516129032258,1020.2806451612903,0.6838709677419355,0.535483870967742,11.783870967741937,19.75483870967742,71.27741935483871,1018.9645161290323,2.0580645161290323,2.02258064516129,20.40967741935484,,113.0521,40600559.0,10903864.0,159.15,52.18
2022-11-01,415.31,432.33,259.66,14.01,77.78,1015.67,2.746666666666667,0.3,11.63,16.496666666666666,78.67,1015.6333333333333,7.066666666666666,3.6933333333333334,27.52,95.6268221574344,113.0404,42780959.0,6151353.0,186.25,54.01
2022-12-01,365.31,441.59,310.96,10.312903225806451,87.80000000000001,1019.167741935484,1.070967741935484,0.1935483870967742,9.635483870967741,14.425806451612903,83.13548387096773,1019.0,2.232258064516129,2.303225806451613,18.280645161290323,82.53300172182897,112.4277,38382116.0,6776277.0,164.24,32.98
2023-01-01,353.17,480.05,209.56,8.490322580645161,80.56129032258065,1017.016129032258,1.7870967741935484,0.8903225806451613,13.845161290322581,12.680645161290323,78.6,1017.2516129032258,4.664516129032258,4.487096774193549,25.700000000000003,,111.8879,36139500.0,4494386.0,158.82,86.96
2023-02-01,368.37,459.12,168.14,8.239285714285714,65.65357142857142,1022.5500000000001,0.0642857142857143,1.3642857142857143,17.996428571428574,10.957142857142857,69.46428571428571,1022.1357142857142,0.37857142857142856,4.5928571428571425,29.142857142857142,74.91279603451441,112.2241,19120530.0,19230589.0,143.45,62.29
2023-03-01,345.51,444.66,132.63,12.63225806451613,68.47419354838709,1012.6741935483872,0.8064516129032258,1.3741935483870968,19.161290322580644,13.561290322580644,77.29032258064517,1014.2774193548387,1.5032258064516129,3.2161290322580647,23.15806451612903,78.32272557094721,113.6197,28779755.0,11810585.0,142.48,91.67
2023-04-01,344.82,456.81,128.88,14.806666666666667,67.67333333333333,1010.2066666666667,2.1,0.83,18.3,14.97,77.20666666666666,1012.1366666666667,0.9066666666666666,3.3133333333333335,24.34333333333333,,114.3443,16524463.0,8734606.0,138.87,73.34
2023-05-01,338.19,469.02,115.09,18.612903225806452,71.78064516129032,1013.8903225806451,1.535483870967742,0.5258064516129033,16.606451612903225,19.10967741935484,76.76451612903226,1012.7903225806451,1.0838709677419356,3.270967741935484,27.406451612903226,,114.8052,22327174.0,22502370.0,152.83,78.81
2023-06-01,318.87,474.39,99.84,22.75,66.63,1011.5233333333333,1.5,0.23500000000000001,14.0,23.346666666666668,78.61999999999999,1011.7466666666667,0.06666666666666667,2.3800000000000003,19.523333333333333,69.3465457604936,115.5154,18414446.0,5638827.0,134.95,83.69
2023-07-01,312.0,493.96,127.51,30.716129032258067,46.9741935483871,1010.7354838709678,0.0,0.6645161290322581,17.75483870967742,27.345161290322583,67.50967741935484,1011.8903225806451,0.0,1.903225806451613,16.677419354838708,,114.1926,23422703.0,25019535.0,83.57,47.53
2023-08-01,289.52,582.12,124.0,28.9,47.9741935483871,1009.9645161290323,0.03225806451612903,0.9129032258064517,21.02258064516129,26.635483870967743,69.2741935483871,1010.8451612903226,0.12903225806451613,2.667741935483871,20.40967741935484,77.7939835916135,114.1563,43153429.0,24633156.0,56.5,97.71
2023-09-01,294.71,580.66,116.31,23.465384615384615,68.69642857142857,1014.7,3.75,0.47500000000000003,13.860714285714286,24.029999999999998,69.34666666666666,1013.0,0.76,3.0766666666666667,25.85666666666667,82.97676134267799,116.2341,31228369.0,25494202.0,51.4,89.18
2023-10-01,282.19,558.51,127.28,19.387096774193548,75.67096774193548,1016.2774193548387,0.2903225806451613,0.13870967741935483,8.493548387096775,21.470967741935485,77.11290322580645,1016.574193548387,1.4387096774193546,1.5548387096774194,15.325806451612904,,116.8946,30395358.0,11713206.0,78.98,141.69
2023-11-01,262.49,553.59,119.05,13.873333333333333,75.73333333333333,1011.0333333333333,1.6266666666666665,0.38666666666666666,11.136666666666667,17.91,77.56666666666666,1013.4166666666666,4.286666666666666,3.216666666666667,26.983333333333334,82.49027237354085,116.4647,21495273.0,14544766.0,87.49,139.97
2023-12-01,267.82,592.46,118.12,9.193548387096774,79.28709677419356,1016.9129032258064,1.1096774193548387,0.1,5.190322580645161,14.019354838709678,80.8225806451613,1017.2741935483871,1.7741935483870968,2.0935483870967744,20.67096774193548,72.38620689655173,116.3641,24269147.0,11897782.0,71.79,123.95
2024-01-01,260.39,605.33,108.23,,,,,,,,,,,,,,115.393,24801202.0,15135348.0,127.66,100.98
2024-02-01,257.98,578.02,88.11,,,,,,,,,,,,,76.01257628999446,115.5029,17947213.0,20230015.0,106.66,77.7
2024-03-01,252.79,563.83,81.78,,,,,,,,,,,,,78.4426153703875,117.2848,22913013.0,7658332.0,71.54,81.95
2024-04-01,253.84,551.87,74.54,,,,,,,,,,,,,,117.8533,23479463.0,25833573.0,92.95,119.67
